text,pred_idx,pred_label,p_neg,p_neu,p_pos
"ARK Investment Acquires 247.8K Shares of AMD | AMD Stock News — In a notable move, ARK Investment Management, led by Cathie Wood, has acquired 247,800 shares of Advanced Micro Devices (AMD). This acquisition highlights confi — ARK Investment Acquires 247.8K Shares of AMD | AMD Stock News — In a notable move, ARK Investment Management, led by Cathie Wood, has acquired 247,800 shares of Advanced Micro Devices (AMD). This acquisition highlights confi",0,positive,0.8384900093078613,0.14923588931560516,0.012274063192307949
Meet the Up-and-Coming EV Stock That Could Crush the Market — Investors comparing electric vehicle makers might be looking right past the opportunity that doesn't rely on any one automaker's success. — Meet the Up-and-Coming EV Stock That Could Crush the Market — Investors comparing electric vehicle makers might be looking right past the opportunity that doesn't rely on any one automaker's success.,0,positive,0.8775128722190857,0.09833141416311264,0.02415567636489868
"IZEA Launches Dutch Auction Tender Offer to Repurchase Shares | IZEA Stock News — IZEA Worldwide has announced a strategic move to initiate a modified Dutch auction tender offer, aiming to buy back up to $8.7 million of its common stock. The — IZEA Launches Dutch Auction Tender Offer to Repurchase Shares | IZEA Stock News — IZEA Worldwide has announced a strategic move to initiate a modified Dutch auction tender offer, aiming to buy back up to $8.7 million of its common stock. The",0,positive,0.6137807369232178,0.3713284730911255,0.014890721999108791
"U.S. Stocks Seeing Modest Strength Following Two-Day Pullback — Stocks have moved mostly higher during trading on Wednesday, regaining ground following the pullback seen over the two previous sessions. The major averages have all moved to the upside but remain well off last Friday's one-month highs. — U.S. Stocks Seeing Modest Strength Following Two-Day Pullback — Stocks have moved mostly higher during trading on Wednesday, regaining ground following the pullback seen over the two previous sessions. The major averages have all moved to the upside but remain well off last Friday's one-month highs.",0,positive,0.8358666300773621,0.12694409489631653,0.03718925267457962
"Insider Sell: Ulice Payne Sells 1,150 Shares of WEC Energy Group Inc (WEC) — On February 24, 2025, Ulice Payne, a Director at WEC Energy Group Inc (WEC), sold 1,150 shares of the company, according to a SEC Filing. Following this transac — Insider Sell: Ulice Payne Sells 1,150 Shares of WEC Energy Group Inc (WEC) — On February 24, 2025, Ulice Payne, a Director at WEC Energy Group Inc (WEC), sold 1,150 shares of the company, according to a SEC Filing. Following this transac",0,positive,0.9218144416809082,0.04888082295656204,0.029304781928658485
"RBB Bancorp to Report Second Quarter 2025 Financial Results — LOS ANGELES, July 01, 2025 (GLOBE NEWSWIRE) -- RBB Bancorp (NASDAQ: RBB) and its subsidiaries, Royal Business Bank (the 'Bank') and RBB Asset Management Company ('RAM'), collectively referred to herein as the 'Company', today announced that it will release financial results for its second quarter ended June 30, 2025 after the markets close on Monday, July 21, 2025. — RBB Bancorp to Report Second Quarter 2025 Financial Results — LOS ANGELES, July 01, 2025 (GLOBE NEWSWIRE) -- RBB Bancorp (NASDAQ: RBB) and its subsidiaries, Royal Business Bank (the 'Bank') and RBB Asset Management Company ('RAM'), collectively referred to herein as the 'Company', today announced that it will release financial results for its second quarter ended June 30, 2025 after the markets close on Monday, July 21, 2025.",0,positive,0.9264910817146301,0.05588822066783905,0.017620719969272614
"Nvidia’s AI Empire Faces Its Toughest Battle (NASDAQ:NVDA) — Nvidia anticipates $38.16B Q4 revenue, but AI demand slowdown, pricing pressures, and export restrictions are key. Click to read why NVDA stock is a Strong Buy. — Nvidia’s AI Empire Faces Its Toughest Battle (NASDAQ:NVDA) — Nvidia anticipates $38.16B Q4 revenue, but AI demand slowdown, pricing pressures, and export restrictions are key. Click to read why NVDA stock is a Strong Buy.",0,positive,0.869924783706665,0.09355080872774124,0.036524396389722824
"AI cloud provider CoreWeave files for IPO — CoreWeave, which counts on Microsoft for close to two-thirds of its revenue, is headed for the public market. — AI cloud provider CoreWeave files for IPO — CoreWeave, which counts on Microsoft for close to two-thirds of its revenue, is headed for the public market.",0,positive,0.9518068432807922,0.02994127944111824,0.01825188286602497
"Nvidia: Selloff Overdone, Huawei 910D Can’t Compete (NASDAQ:NVDA) — Nvidia's financial health is robust, with consistent earnings beats, strong revenue growth, and significant stock buybacks. See why I rate NVDA stock a Buy. — Nvidia: Selloff Overdone, Huawei 910D Can’t Compete (NASDAQ:NVDA) — Nvidia's financial health is robust, with consistent earnings beats, strong revenue growth, and significant stock buybacks. See why I rate NVDA stock a Buy.",0,positive,0.7328214645385742,0.25117558240890503,0.01600297912955284
"Reddit Stock Rallies After Analyst Pushes Back on ‘Excessive’ Drop — Reddit’s (RDDT) stock climbed 14.39% to $122.73 on Tuesday, recovering from a three-day slump, though it remains down 23% over five sessions, likely bolstered by Loop Capital’s 'Buy' rating and view of its 43% monthly drop as 'excessive'. The company’s Q4 sales rose 71% year-over-year to $428 million, the fastest… — Reddit Stock Rallies After Analyst Pushes Back on ‘Excessive’ Drop — Reddit’s (RDDT) stock climbed 14.39% to $122.73 on Tuesday, recovering from a three-day slump, though it remains down 23% over five sessions, likely bolstered by Loop Capital’s 'Buy' rating and view of its 43% monthly drop as 'excessive'. The company’s Q4 sales rose 71% year-over-year to $428 million, the fastest…",0,positive,0.9260079860687256,0.0591263547539711,0.014865713194012642
Was Jim Cramer Right About Intel Corporation (INTC)? — We recently published a list of Jim Cramer Nailed These 12 Stock Predictions. — Was Jim Cramer Right About Intel Corporation (INTC)? — We recently published a list of Jim Cramer Nailed These 12 Stock Predictions.,0,positive,0.9064288139343262,0.05985056608915329,0.03372066468000412
"Shareholders that lost money on DoubleVerify Holdings, Inc.(DV) should contact The Gross Law Firm about pending Class Action - DV — PR NewswireNEW YORK, June 23, 2025



NEW YORK, June 23, 2025 /PRNewswire/ -- The Gross Law Firm issues the following notice to shareholders of DoubleVerify H — Shareholders that lost money on DoubleVerify Holdings, Inc.(DV) should contact The Gross Law Firm about pending Class Action - DV — PR NewswireNEW YORK, June 23, 2025



NEW YORK, June 23, 2025 /PRNewswire/ -- The Gross Law Firm issues the following notice to shareholders of DoubleVerify H",0,positive,0.8236757516860962,0.15405672788619995,0.02226749248802662
"Stock market today: Dow, S&P 500, Nasdaq jump higher in countdown to Fed decision — US stocks rose slightly as investors braced themselves for the release of the Federal Reserve's next policy decision amid a volatile trading week. — Stock market today: Dow, S&P 500, Nasdaq jump higher in countdown to Fed decision — US stocks rose slightly as investors braced themselves for the release of the Federal Reserve's next policy decision amid a volatile trading week.",0,positive,0.8902385234832764,0.058892909437417984,0.05086858198046684
"NVIDIA Regains Top Spot; FOMO Is Why It Will Continue to Rise — Market Analysis by  covering: S&P 500, NVIDIA Corporation. Read 's Market Analysis on Investing.com — NVIDIA Regains Top Spot; FOMO Is Why It Will Continue to Rise — Market Analysis by  covering: S&P 500, NVIDIA Corporation. Read 's Market Analysis on Investing.com",0,positive,0.7834736108779907,0.19668732583522797,0.019839057698845863
UnitedHealth Group Incorporated (UNH): Among Defensive Stocks Billionaire Ken Fisher is Betting On — We recently published a list of 10 Defensive Stocks Billionaire Ken Fisher is Betting On. — UnitedHealth Group Incorporated (UNH): Among Defensive Stocks Billionaire Ken Fisher is Betting On — We recently published a list of 10 Defensive Stocks Billionaire Ken Fisher is Betting On.,0,positive,0.9385659694671631,0.04465041309595108,0.016783645376563072
"An In-Depth Look at the Burgeoning FPGA Security Market — Field-Programmable Gate Arrays (FPGAs) have transcended their initial role as mere prototyping tools, evolving into indispensable components across critical industries. Their unparalleled… — An In-Depth Look at the Burgeoning FPGA Security Market — Field-Programmable Gate Arrays (FPGAs) have transcended their initial role as mere prototyping tools, evolving into indispensable components across critical industries. Their unparalleled…",0,positive,0.8005700707435608,0.1880389004945755,0.011391032487154007
"Bezos, Musk And Zuckerberg Grow More Than $30 Billion Richer After Tariff Deal — The “dream scenario” for tech investors helped send the S&P 500 to its highest level since early March. — Bezos, Musk And Zuckerberg Grow More Than $30 Billion Richer After Tariff Deal — The “dream scenario” for tech investors helped send the S&P 500 to its highest level since early March.",0,positive,0.9119455814361572,0.07105898857116699,0.01699541136622429
"Intel SVP outlines Israel's place on production roadmap — Kevin O'Buckley, general manager of Foundry Services at Intel Corporation, talks to — Intel SVP outlines Israel's place on production roadmap — Kevin O'Buckley, general manager of Foundry Services at Intel Corporation, talks to",0,positive,0.9306519031524658,0.052198994904756546,0.017149053514003754
"AI Startup FuriosaAI Reportedly Rejects $800M Meta Platforms, Inc. (META) Buyout Offer — We recently published a list of 9 Trending AI Stocks Making Headlines Today. In this article, we are going to take a look at where Meta Platforms, Inc. — AI Startup FuriosaAI Reportedly Rejects $800M Meta Platforms, Inc. (META) Buyout Offer — We recently published a list of 9 Trending AI Stocks Making Headlines Today. In this article, we are going to take a look at where Meta Platforms, Inc.",0,positive,0.9241729378700256,0.038044460117816925,0.037782587110996246
"Microsoft-OpenAI Rift May Cap Stock Upside Potential — Market Analysis by  covering: Microsoft Corporation, Alphabet Inc Class A, Apple Inc, Amazon.com Inc. Read 's Market Analysis on Investing.com — Microsoft-OpenAI Rift May Cap Stock Upside Potential — Market Analysis by  covering: Microsoft Corporation, Alphabet Inc Class A, Apple Inc, Amazon.com Inc. Read 's Market Analysis on Investing.com",0,positive,0.9252333641052246,0.04656940698623657,0.028197186067700386
Silver Lake nears deal for stake in Intel's Altera (INTC:NASDAQ) — Silver Lake in talks to acquire a majority stake in Intel's Altera unit. — Silver Lake nears deal for stake in Intel's Altera (INTC:NASDAQ) — Silver Lake in talks to acquire a majority stake in Intel's Altera unit.,0,positive,0.910297691822052,0.07632476091384888,0.013377517461776733
Nvidia CEO says company has plans for desktop chip designed with MediaTek By Reuters — Nvidia CEO says company has plans for desktop chip designed with MediaTek — Nvidia CEO says company has plans for desktop chip designed with MediaTek By Reuters — Nvidia CEO says company has plans for desktop chip designed with MediaTek,0,positive,0.9267285466194153,0.05127999186515808,0.021991483867168427
"Meta sued for allegedly favouring foreign workers over US citizens; case could impact H-1B visa hiring — Meta is facing a lawsuit accusing it of favouring foreign workers on H-1B visas over American citizens. The case, revived by a federal appeals court, could influence tech industry hiring practices. — Meta sued for allegedly favouring foreign workers over US citizens; case could impact H-1B visa hiring — Meta is facing a lawsuit accusing it of favouring foreign workers on H-1B visas over American citizens. The case, revived by a federal appeals court, could influence tech industry hiring practices.",0,positive,0.8970595002174377,0.08435459434986115,0.01858590543270111
"Sorry American firms, the AI trade has moved to China — It's fair to say that recent stock-market losses for US firms have been China's gain. — Sorry American firms, the AI trade has moved to China — It's fair to say that recent stock-market losses for US firms have been China's gain.",0,positive,0.4621804356575012,0.432515412569046,0.10530418902635574
"Share Market Live Updates 4 February 2025: Stock to buy today: Max Healthcare Institute (₹1,145.50) — Stock Market today | Share Market Live Updates - Find here all the live updates related to Sensex, Nifty, BSE, NSE, share prices and Indian stock markets for 4 February 2025. — Share Market Live Updates 4 February 2025: Stock to buy today: Max Healthcare Institute (₹1,145.50) — Stock Market today | Share Market Live Updates - Find here all the live updates related to Sensex, Nifty, BSE, NSE, share prices and Indian stock markets for 4 February 2025.",0,positive,0.9472545981407166,0.027184421196579933,0.025560999289155006
"Oscar Health, Inc. (OSCR) Declines More Than Market: Some Information for Investors — Oscar Health, Inc. (OSCR) closed the most recent trading day at $20.45, moving 4.62% from the previous trading session. — Oscar Health, Inc. (OSCR) Declines More Than Market: Some Information for Investors — Oscar Health, Inc. (OSCR) closed the most recent trading day at $20.45, moving 4.62% from the previous trading session.",0,positive,0.9346686601638794,0.04603182524442673,0.01929953321814537
Bulls vs. Bears: Nvidia Q4 divides SA analysts (NVDA:NASDAQ) — Nvidia (NVDA) stock garners a wide range of rantings on Seeking Alpha as the stock dips even after its Q4 2024 financials exceeded forecasts. Read more here. — Bulls vs. Bears: Nvidia Q4 divides SA analysts (NVDA:NASDAQ) — Nvidia (NVDA) stock garners a wide range of rantings on Seeking Alpha as the stock dips even after its Q4 2024 financials exceeded forecasts. Read more here.,0,positive,0.7351075410842896,0.22090649604797363,0.04398595914244652
"Gold Outshines Tech Stocks And Bitcoin, As Bulls And Bears Battle Ahead Of Trump Tariff Announcement — Gold Outshines Tech Stocks And Bitcoin, As Bulls And Bears Battle Ahead Of Trump Tariff Announcement",0,positive,0.6392202973365784,0.22142094373703003,0.1393587440252304
"Is Broadcom Stock a Better Investment Pick Than NVIDIA Now? — NVDA leads in AI hardware, securing a strong edge, while Broadcom's VMware acquisition boosts its presence in enterprise software. — Is Broadcom Stock a Better Investment Pick Than NVIDIA Now? — NVDA leads in AI hardware, securing a strong edge, while Broadcom's VMware acquisition boosts its presence in enterprise software.",0,positive,0.9482294917106628,0.038611333817243576,0.01315915584564209
"The Goldman Sachs Group, Inc. (GS): Among the Best Performing Dow Stocks So Far in 2025 — We recently published a list of 11 Best Performing Dow Stocks So Far in 2025. In this article, we are going to take a look at where The Goldman Sachs Group, Inc. — The Goldman Sachs Group, Inc. (GS): Among the Best Performing Dow Stocks So Far in 2025 — We recently published a list of 11 Best Performing Dow Stocks So Far in 2025. In this article, we are going to take a look at where The Goldman Sachs Group, Inc.",0,positive,0.9392176270484924,0.03169558569788933,0.029086794704198837
Why It’s (Almost) Time to Buy This 15.6% Yielder – The Contrary Investing Report — Why It’s (Almost) Time to Buy This 15.6% Yielder – The Contrary Investing Report,0,positive,0.913190484046936,0.0658092275261879,0.021000267937779427
"First Horizon Bank Named Official and Exclusive Bank of the Valspar Championship — PR NewswireTAMPA, Fla., Feb. 18, 2025



TAMPA, Fla., Feb. 18, 2025 /PRNewswire/ -- First Horizon Bank (NYSE: FHN) is proud to announce its partnership as the — First Horizon Bank Named Official and Exclusive Bank of the Valspar Championship — PR NewswireTAMPA, Fla., Feb. 18, 2025



TAMPA, Fla., Feb. 18, 2025 /PRNewswire/ -- First Horizon Bank (NYSE: FHN) is proud to announce its partnership as the",0,positive,0.8221930265426636,0.16691699624061584,0.010889929719269276
"FLNC INVESTOR ALERT: Fluence Energy, Inc. Investors with Substantial Losses Have Opportunity to Lead the Fluence Class Action Lawsuit — PR NewswireSAN DIEGO, March 18, 2025



SAN DIEGO, March 18, 2025 /PRNewswire/ -- Robbins Geller Rudman & Dowd LLP announces that purchasers or acquirers of F — FLNC INVESTOR ALERT: Fluence Energy, Inc. Investors with Substantial Losses Have Opportunity to Lead the Fluence Class Action Lawsuit — PR NewswireSAN DIEGO, March 18, 2025



SAN DIEGO, March 18, 2025 /PRNewswire/ -- Robbins Geller Rudman & Dowd LLP announces that purchasers or acquirers of F",0,positive,0.8724589347839355,0.07807310670614243,0.04946794733405113
US equity close: Not a pretty picture as tariff fears weigh — Closing changes for the main US stock indexes — US equity close: Not a pretty picture as tariff fears weigh — Closing changes for the main US stock indexes,0,positive,0.5229260325431824,0.4420970380306244,0.03497694805264473
"Nvidia Stock: Don't Expect Major Gains From Here (Technical Analysis) (NASDAQ:NVDA) — Technical analysis reveals a near-term downtrend, weak EMAs, and bearish indicators, suggesting further potential declines. Read more here. — Nvidia Stock: Don't Expect Major Gains From Here (Technical Analysis) (NASDAQ:NVDA) — Technical analysis reveals a near-term downtrend, weak EMAs, and bearish indicators, suggesting further potential declines. Read more here.",0,positive,0.8694875240325928,0.09816644340753555,0.03234601020812988
Nvidia And The Super Bowl Of AI (undefined:NVDA) — Breaking down Nvidia stock given this week's much anticipated GTC event. — Nvidia And The Super Bowl Of AI (undefined:NVDA) — Breaking down Nvidia stock given this week's much anticipated GTC event.,0,positive,0.5654730200767517,0.4106268882751465,0.023900052532553673
Intel’s Decline: A Cautionary Tale For Technology Investors — RIP Intel Corporation: The tech sector marks a major turning point today with stories of Intel possibly being sold off and TSMC and Broadcom showing interest in acquir... — Intel’s Decline: A Cautionary Tale For Technology Investors — RIP Intel Corporation: The tech sector marks a major turning point today with stories of Intel possibly being sold off and TSMC and Broadcom showing interest in acquir...,0,positive,0.4825224280357361,0.39691686630249023,0.12056072056293488
3 US Artificial Intelligence Growth Stocks That Can Power Your Portfolio Higher — Here are three attractive stocks that will give you exposure to the booming artificial intelligence sector. — 3 US Artificial Intelligence Growth Stocks That Can Power Your Portfolio Higher — Here are three attractive stocks that will give you exposure to the booming artificial intelligence sector.,0,positive,0.82106614112854,0.15806400775909424,0.02086987905204296
"AMD Receives Upgrade from Melius Research with New Price Target | AMD Stock News — Melius Research has upgraded Advanced Micro Devices (AMD) from a Hold to a Buy rating, significantly increasing its price target from $110 to $175. This change — AMD Receives Upgrade from Melius Research with New Price Target | AMD Stock News — Melius Research has upgraded Advanced Micro Devices (AMD) from a Hold to a Buy rating, significantly increasing its price target from $110 to $175. This change",0,positive,0.9108033180236816,0.07216361165046692,0.01703302189707756
"AMD's MI325X Proved A Match For Nvidia's H200 In Latest MLPerf Tests (NASDAQ:AMD) — Advanced Micro Devices, Inc. challenges Nvidia with AI chip progress, offering better cost-performance metrics and strong growth potential. Read more about AMD stock here. — AMD's MI325X Proved A Match For Nvidia's H200 In Latest MLPerf Tests (NASDAQ:AMD) — Advanced Micro Devices, Inc. challenges Nvidia with AI chip progress, offering better cost-performance metrics and strong growth potential. Read more about AMD stock here.",0,positive,0.5661216378211975,0.41714420914649963,0.016734188422560692
Decoding Advanced Micro Devices's Options Activity: What's the Big Picture? - Advanced Micro Devices (NASDAQ:AMD) — Decoding Advanced Micro Devices's Options Activity: What's the Big Picture? - Advanced Micro Devices (NASDAQ:AMD),0,positive,0.9468974471092224,0.028034955263137817,0.02506764605641365
"Wall Street dips as Middle East tensions rise — Wall Street experiences a dip amid escalating tensions in the Middle East, causing market uncertainties. — Wall Street dips as Middle East tensions rise — Wall Street experiences a dip amid escalating tensions in the Middle East, causing market uncertainties.",0,positive,0.9532992243766785,0.03433046117424965,0.012370278127491474
NVIDIA (NVDA) Stock Drops Amid Tariff Concerns and Market Downturn — NVIDIA (NVDA) shares fell nearly 9% following President Donald Trump's confirmation that tariffs on Canadian and Mexican imports would take effect soon. The bro — NVIDIA (NVDA) Stock Drops Amid Tariff Concerns and Market Downturn — NVIDIA (NVDA) shares fell nearly 9% following President Donald Trump's confirmation that tariffs on Canadian and Mexican imports would take effect soon. The bro,0,positive,0.9730639457702637,0.0182744562625885,0.008661598898470402
"Ventas Declares Quarterly Dividend of $0.48 Per Common Share — Ventas, Inc. (NYSE: VTR) today announced that its Board of Directors has declared a quarterly dividend of $0.48 per common share. The dividend will be payable — Ventas Declares Quarterly Dividend of $0.48 Per Common Share — Ventas, Inc. (NYSE: VTR) today announced that its Board of Directors has declared a quarterly dividend of $0.48 per common share. The dividend will be payable",0,positive,0.9113704562187195,0.045112382620573044,0.04351714998483658
"Fitch downgrades six Chinese banks — Fitch downgrades six Chinese banks to A,  Outlook stable — Fitch downgrades six Chinese banks — Fitch downgrades six Chinese banks to A,  Outlook stable",0,positive,0.818706750869751,0.13575734198093414,0.045535895973443985
Wall Street Lunch: Aurora Partners With Continental And Nvidia (undefined:NVDA) — Aurora (AUR) is jumping after announcing a long-term strategic partnership with auto supplier Continental (CTTAF) and Nvidia. — Wall Street Lunch: Aurora Partners With Continental And Nvidia (undefined:NVDA) — Aurora (AUR) is jumping after announcing a long-term strategic partnership with auto supplier Continental (CTTAF) and Nvidia.,0,positive,0.6774071455001831,0.30373063683509827,0.018862159922719002
"Analogies for AI policymaking — Overview As a suite of technologies under the label of artificial intelligence increasingly take center stage, policymakers recognize the need to develop deep technical expertise about the deployment of evolving technologies in distinct contexts. But specific technical knowledge in the hands of a few will remain insufficient. All policymakers need to develop intuitions and an […] — Analogies for AI policymaking — Overview As a suite of technologies under the label of artificial intelligence increasingly take center stage, policymakers recognize the need to develop deep technical expertise about the deployment of evolving technologies in distinct contexts. But specific technical knowledge in the hands of a few will remain insufficient. All policymakers need to develop intuitions and an […]",0,positive,0.906220018863678,0.05351614952087402,0.04026380553841591
"Tudor Investment's Q4 moves include buying Intel stake, trimming Nvidia — Tudor Investment Corp.'s Q4 2024 moves include adding Intel and Lockheed, reducing Nvidia and exiting Bank of America. — Tudor Investment's Q4 moves include buying Intel stake, trimming Nvidia — Tudor Investment Corp.'s Q4 2024 moves include adding Intel and Lockheed, reducing Nvidia and exiting Bank of America.",0,positive,0.8766456246376038,0.06748839467763901,0.055865924805402756
"Five Below: The Timing To Invest Should Come Soon (NASDAQ:FIVE) — FIVE reported adj. EPS of $3.48, beating guidance, with revenue up 4% y/y, but SSS down 3% y/y and gross margins falling by 74 bps. Click to read why FIVE is a Hold. — Five Below: The Timing To Invest Should Come Soon (NASDAQ:FIVE) — FIVE reported adj. EPS of $3.48, beating guidance, with revenue up 4% y/y, but SSS down 3% y/y and gross margins falling by 74 bps. Click to read why FIVE is a Hold.",0,positive,0.9494650363922119,0.03148220479488373,0.019052797928452492
"Cadeler A/S (CDLR) Q4 2024 Earnings Call Transcript — Cadeler A/S (CDLR) Q4 2024 Earnings Conference Call March 25, 2025 9:00 AM ETCompany ParticipantsMikkel Gleerup - CEOPeter Brogaard Hansen - CFOConference... — Cadeler A/S (CDLR) Q4 2024 Earnings Call Transcript — Cadeler A/S (CDLR) Q4 2024 Earnings Conference Call March 25, 2025 9:00 AM ETCompany ParticipantsMikkel Gleerup - CEOPeter Brogaard Hansen - CFOConference...",0,positive,0.9358031749725342,0.03843885660171509,0.02575797587633133
"Is Palantir Stock Set to Soar Again in the New Year? — Palantir (NASDAQ: PLTR) was one of the best-performing stocks of 2024.  The analytics and software management platform for government agencies, the military, and big business soared 340% for the year and sports a market cap of $167 billion as of this writing.  Shareholders of Palantir no doubt appreciated the company's performance in 2024, but investors are likely looking at the new year and asking themselves: Can Palantir keep up this momentum? — Is Palantir Stock Set to Soar Again in the New Year? — Palantir (NASDAQ: PLTR) was one of the best-performing stocks of 2024.  The analytics and software management platform for government agencies, the military, and big business soared 340% for the year and sports a market cap of $167 billion as of this writing.  Shareholders of Palantir no doubt appreciated the company's performance in 2024, but investors are likely looking at the new year and asking themselves: Can Palantir keep up this momentum?",0,positive,0.6695069670677185,0.30695009231567383,0.02354293316602707
"Monolithic Power Systems Inc. Securities Fraud Class Action Lawsuit Pending: Contact The Gross Law Firm Before April 7, 2025 to Discuss Your Rights - MPWR — PR NewswireNEW YORK, April 7, 2025



NEW YORK, April 7, 2025 /PRNewswire/ -- The Gross Law Firm issues the following notice to shareholders of Monolithic Pow — Monolithic Power Systems Inc. Securities Fraud Class Action Lawsuit Pending: Contact The Gross Law Firm Before April 7, 2025 to Discuss Your Rights - MPWR — PR NewswireNEW YORK, April 7, 2025



NEW YORK, April 7, 2025 /PRNewswire/ -- The Gross Law Firm issues the following notice to shareholders of Monolithic Pow",0,positive,0.8853088617324829,0.09093771129846573,0.023753419518470764
Hydreight Technologies Provides Update to Financing — **media[543823]** — Hydreight Technologies Provides Update to Financing — **media[543823]**,0,positive,0.9182652235031128,0.06520936638116837,0.01652539148926735
"Dow Jones: Inflation Impact and Market Recovery — Stocks Analysis by MarketPulse (Zain Vawda) covering: Dow Jones Industrial Average, Apple Inc, Amazon.com Inc, NVIDIA Corporation. Read MarketPulse (Zain Vawda)'s latest article on Investing.com — Dow Jones: Inflation Impact and Market Recovery — Stocks Analysis by MarketPulse (Zain Vawda) covering: Dow Jones Industrial Average, Apple Inc, Amazon.com Inc, NVIDIA Corporation. Read MarketPulse (Zain Vawda)'s latest article on Investing.com",0,positive,0.9404409527778625,0.033663708716630936,0.025895342230796814
4 Top Dividend Stocks to Buy in January — Grow your dividend snowball with some of the financial sector's most prominent companies. — 4 Top Dividend Stocks to Buy in January — Grow your dividend snowball with some of the financial sector's most prominent companies.,0,positive,0.9117239713668823,0.07150100916624069,0.016774998977780342
"OpenAI to pay CoreWeave $11.9 billion over five years for AI data centers, services — Ahead of CoreWeave's upcoming IPO, the provider of data centers for AI has signed a five-year deal with OpenAI worth almost $12 billion. — OpenAI to pay CoreWeave $11.9 billion over five years for AI data centers, services — Ahead of CoreWeave's upcoming IPO, the provider of data centers for AI has signed a five-year deal with OpenAI worth almost $12 billion.",0,positive,0.8699962496757507,0.11906922608613968,0.010934485122561455
"Retail Sales Stir Concerns as the Fed Prepares Its Policy Update — Market Analysis by  covering: Bitcoin, SoFi Technologies Inc.. Read 's Market Analysis on Investing.com — Retail Sales Stir Concerns as the Fed Prepares Its Policy Update — Market Analysis by  covering: Bitcoin, SoFi Technologies Inc.. Read 's Market Analysis on Investing.com",0,positive,0.9304309487342834,0.040307141840457916,0.029261969029903412
"Canadian General Investments: Investment Update - Unaudited — TORONTO, Canada, March  05, 2025  (GLOBE NEWSWIRE) — Canadian General Investments, Limited (CGI) (TSX: CGI) (LSE: CGI) reports on an unaudited basis that its net as… — Canadian General Investments: Investment Update - Unaudited — TORONTO, Canada, March  05, 2025  (GLOBE NEWSWIRE) — Canadian General Investments, Limited (CGI) (TSX: CGI) (LSE: CGI) reports on an unaudited basis that its net as…",0,positive,0.9214093089103699,0.05379854887723923,0.024792132899165154
"US Stock Markets Today: All Three Indices Open Strong, S&P 500 Up 0.4% — All three Wall Street indices opened on a positive note on Friday, with S&P 500 looking to snap its five-day losing streak. The broader index opened 0.4% higher at 5,891.07. The tech-heavy Nasdaq Composite was also up 0.6% at 19,395.51, whereas the 30-stock Dow Jones Industrial Average rose 0.25% to 42,392.27. — US Stock Markets Today: All Three Indices Open Strong, S&P 500 Up 0.4% — All three Wall Street indices opened on a positive note on Friday, with S&P 500 looking to snap its five-day losing streak. The broader index opened 0.4% higher at 5,891.07. The tech-heavy Nasdaq Composite was also up 0.6% at 19,395.51, whereas the 30-stock Dow Jones Industrial Average rose 0.25% to 42,392.27.",0,positive,0.8884885907173157,0.0755457878112793,0.035965561866760254
"Restaurant Brands International exec sells shares for $322,247 By Investing.com — Restaurant Brands International exec sells shares for $322,247 — Restaurant Brands International exec sells shares for $322,247 By Investing.com — Restaurant Brands International exec sells shares for $322,247",0,positive,0.9297725558280945,0.04257987439632416,0.027647579088807106
"Nov Inc. (NOV) Beats Q4 Earnings and Revenue Estimates — Nov Inc. (NOV) delivered earnings and revenue surprises of 17.14% and 3.19%, respectively, for the quarter ended December 2024. Do the numbers hold clues to what lies ahead for the stock? — Nov Inc. (NOV) Beats Q4 Earnings and Revenue Estimates — Nov Inc. (NOV) delivered earnings and revenue surprises of 17.14% and 3.19%, respectively, for the quarter ended December 2024. Do the numbers hold clues to what lies ahead for the stock?",0,positive,0.9048898220062256,0.053662076592445374,0.041448116302490234
"DoubleVerify Holdings (DV) Receives Buy Rating from Needham | DV Stock News — On May 12, 2025, DoubleVerify Holdings (DV) received a reiteration of its ""Buy"" rating from analyst Laura Martin at Needham. This indicates continued confidence — DoubleVerify Holdings (DV) Receives Buy Rating from Needham | DV Stock News — On May 12, 2025, DoubleVerify Holdings (DV) received a reiteration of its ""Buy"" rating from analyst Laura Martin at Needham. This indicates continued confidence",0,positive,0.6659861207008362,0.3126755952835083,0.021338343620300293
"SI-BONE, Inc.: Small-cap Developer Of Medical Implants And A Steady Revenue Grower (SIBN) — With a $571M market cap and strong cash runway, SI-BONE shows growth potential, but I'd wait for a price near $10 before buying. Read more about SIBN stock here. — SI-BONE, Inc.: Small-cap Developer Of Medical Implants And A Steady Revenue Grower (SIBN) — With a $571M market cap and strong cash runway, SI-BONE shows growth potential, but I'd wait for a price near $10 before buying. Read more about SIBN stock here.",0,positive,0.8882755041122437,0.0946049764752388,0.017119580879807472
Why I bought a LOT of ASX technology shares — ASX technology shares are more appealing than ever. I took a nibble of WiseTech Global Ltd (ASX: WTC) shares and it's looking good. — Why I bought a LOT of ASX technology shares — ASX technology shares are more appealing than ever. I took a nibble of WiseTech Global Ltd (ASX: WTC) shares and it's looking good.,0,positive,0.7125555276870728,0.2638532519340515,0.02359117567539215
"SMCI stock price: Super Micro Computer shares swing wildly on earnings, surge 12% on likely delisting dodge and strong 2026 forecast — SMCI stock is up as Super Micro 'believes it will make' an SEC deadline to remain on the Nasdaq, and forecast strong revenue gains for fiscal 2026. — SMCI stock price: Super Micro Computer shares swing wildly on earnings, surge 12% on likely delisting dodge and strong 2026 forecast — SMCI stock is up as Super Micro 'believes it will make' an SEC deadline to remain on the Nasdaq, and forecast strong revenue gains for fiscal 2026.",0,positive,0.9125586748123169,0.05911719426512718,0.02832413837313652
"Intel: A Surprising Tariff Winner (NASDAQ:INTC) — Intel aims for 100M+ AI PC shipments by 2025, powered by Core Ultra and Panther Lake chips. Click here to read an analysis of INTC stock now. — Intel: A Surprising Tariff Winner (NASDAQ:INTC) — Intel aims for 100M+ AI PC shipments by 2025, powered by Core Ultra and Panther Lake chips. Click here to read an analysis of INTC stock now.",0,positive,0.6750507354736328,0.3088717758655548,0.01607748307287693
"Supermicro Stock Drops as Server Maker Lowers Its Revenue Outlook — Super Micro Computer cut its full-year revenue outlook, sending shares lower in extended trading Tuesday. — Supermicro Stock Drops as Server Maker Lowers Its Revenue Outlook — Super Micro Computer cut its full-year revenue outlook, sending shares lower in extended trading Tuesday.",0,positive,0.9712750315666199,0.01871834322810173,0.010006635449826717
"S&P 500 turns green for 2025 — plus, Microsoft cuts jobs and Disney rises again — Every weekday, the Investing Club releases the Homestretch; an actionable afternoon update just in time for the last hour of trading. — S&P 500 turns green for 2025 — plus, Microsoft cuts jobs and Disney rises again — Every weekday, the Investing Club releases the Homestretch; an actionable afternoon update just in time for the last hour of trading.",0,positive,0.8703116178512573,0.08685600012540817,0.042832423001527786
NVIDIA Stockholder Meeting Set for June 25; Individuals Can Participate Online — **media[652338]** — NVIDIA Stockholder Meeting Set for June 25; Individuals Can Participate Online — **media[652338]**,0,positive,0.936051070690155,0.04557819291949272,0.01837071403861046
"Advanced Micro Devices, Inc. (AMD) is Attracting Investor Attention: Here is What You Should Know — Advanced Micro (AMD) has received quite a bit of attention from Zacks.com users lately. Therefore, it is wise to be aware of the facts that can impact the stock's prospects. — Advanced Micro Devices, Inc. (AMD) is Attracting Investor Attention: Here is What You Should Know — Advanced Micro (AMD) has received quite a bit of attention from Zacks.com users lately. Therefore, it is wise to be aware of the facts that can impact the stock's prospects.",0,positive,0.924355149269104,0.04899275302886963,0.026652149856090546
"Market Today: Consumer Sentiment Plummets, Palantir Gains on AI Developments — The stock market experienced a significant rally, bouncing back from recent declines. The S&P 500 surged 2.1%, the Dow Jones Industrial Average rose by 674 poin — Market Today: Consumer Sentiment Plummets, Palantir Gains on AI Developments — The stock market experienced a significant rally, bouncing back from recent declines. The S&P 500 surged 2.1%, the Dow Jones Industrial Average rose by 674 poin",0,positive,0.918343722820282,0.052789028733968735,0.02886730432510376
"Super Micro Computer stock: 2 reasons why SMCI is surging this week as its latest delisting deadline nears — Tech giant Super Micro Computer, which has been delinquent in filing SEC paperwork, says it believes it will make a critical deadline. — Super Micro Computer stock: 2 reasons why SMCI is surging this week as its latest delisting deadline nears — Tech giant Super Micro Computer, which has been delinquent in filing SEC paperwork, says it believes it will make a critical deadline.",0,positive,0.7970592379570007,0.1052689254283905,0.09767179936170578
"Thermo Fisher Scientific Inc. (TMO) BofA Securities 2025 Healthcare Conference (Transcript) — Thermo Fisher Scientific Inc. (NYSE:TMO) BofA Securities 2025 Healthcare Conference May 13, 2025 11:40 AM ETCompany ParticipantsMarc Casper - Chairman,... — Thermo Fisher Scientific Inc. (TMO) BofA Securities 2025 Healthcare Conference (Transcript) — Thermo Fisher Scientific Inc. (NYSE:TMO) BofA Securities 2025 Healthcare Conference May 13, 2025 11:40 AM ETCompany ParticipantsMarc Casper - Chairman,...",0,positive,0.9514495134353638,0.026141179725527763,0.022409332916140556
"NVIDIA or Palantir: Which is the Better AI Stock to Buy Now? — Both NVIDIA and Palantir hold solid positions in the AI space, but which is the better investment choice? Let's find out. — NVIDIA or Palantir: Which is the Better AI Stock to Buy Now? — Both NVIDIA and Palantir hold solid positions in the AI space, but which is the better investment choice? Let's find out.",0,positive,0.8857319355010986,0.09489493817090988,0.019373081624507904
"Tariff Tussle: Musk Slams Navarro as Markets Attempt a Dead Cat Bounce — Peter Navarro, a senior White House trade adviser, has been a vocal supporter of Trump’s tariffs, arguing they’re essential to bring manufacturing back to the — Tariff Tussle: Musk Slams Navarro as Markets Attempt a Dead Cat Bounce — Peter Navarro, a senior White House trade adviser, has been a vocal supporter of Trump’s tariffs, arguing they’re essential to bring manufacturing back to the",0,positive,0.3550882637500763,0.324991375207901,0.3199203610420227
Nvidia Stock Is Down 21% From Its Peak. Is It Time To Buy? (NASDAQ:NVDA) — Nvidia is down nearly 21% from its peak ahead of its latest earnings results. Click to find out if it is it time to buy the NVDA dip? — Nvidia Stock Is Down 21% From Its Peak. Is It Time To Buy? (NASDAQ:NVDA) — Nvidia is down nearly 21% from its peak ahead of its latest earnings results. Click to find out if it is it time to buy the NVDA dip?,0,positive,0.9629908204078674,0.029635794460773468,0.007373450789600611
"Ross Gerber Says Tesla (TSLA) Is ‘Almost Like a Meme Stock’ — We recently published a list of Wall Street Is Focusing on These 10 AI Stocks as New Year Begins. In this article, we are going to take a look at where Tesla, Inc. — Ross Gerber Says Tesla (TSLA) Is ‘Almost Like a Meme Stock’ — We recently published a list of Wall Street Is Focusing on These 10 AI Stocks as New Year Begins. In this article, we are going to take a look at where Tesla, Inc.",0,positive,0.9432756900787354,0.031311292201280594,0.025413013994693756
"Market Today: Nvidia and Google Make Waves with AI Developments — Market Overview
The stock market started the session with a rally, but buying momentum faded by the close. The S&P 500 traded up as much as 1.3% at its session — Market Today: Nvidia and Google Make Waves with AI Developments — Market Overview
The stock market started the session with a rally, but buying momentum faded by the close. The S&P 500 traded up as much as 1.3% at its session",0,positive,0.818064272403717,0.09280311316251755,0.0891326293349266
"Is Trending Stock Advanced Micro Devices, Inc. (AMD) a Buy Now? — Zacks.com users have recently been watching Advanced Micro (AMD) quite a bit. Thus, it is worth knowing the facts that could determine the stock's prospects. — Is Trending Stock Advanced Micro Devices, Inc. (AMD) a Buy Now? — Zacks.com users have recently been watching Advanced Micro (AMD) quite a bit. Thus, it is worth knowing the facts that could determine the stock's prospects.",0,positive,0.9299185872077942,0.04714532941579819,0.022936007007956505
ALLETE Inc (ALE) Recognized for Gender Parity in Corporate Leadership | ALE stock news — Summary ALLETE Inc (ALE) has been honored as an Honor Roll Company of Special Distinction in the 2024 Minnesota Census of Women in Corporate Leadership. This re — ALLETE Inc (ALE) Recognized for Gender Parity in Corporate Leadership | ALE stock news — Summary ALLETE Inc (ALE) has been honored as an Honor Roll Company of Special Distinction in the 2024 Minnesota Census of Women in Corporate Leadership. This re,0,positive,0.8464033603668213,0.1376297026872635,0.015966901555657387
